Korean;kore1280
Ket;kett1243
Lak;lakk1252
Kabardian;kaba1278
Georgian;nucl1302
Burushaski;buru1296
Kurukh;kuru1302
Telugu;telu1262
Kota;kota1263
Mundari;mund1320
Kharia;khar1287
Khasi;khas1269
Sedang;seda1262
Cambodian;cent1989
Vietnamese;viet1252
Mandarin Chinese;mand1415
Wu;wuch1236
Hakka;hakk1236
Cantonese;yuec1235
Yao;iumi1238
Dafla;nyis1236
Burmese;nucl1310
Lahu;lahu1253
Garo;garo1247
Karen;sgaw1245
Lakkia;lakk1238
Thai;thai1261
Yay;bouy1240
Cham;east2563
Atayal;atay1247
Malagasy;plat1254
Malay;stan1306
Batak;bata1289
Sa'ban;saba1265
Sundanese;sund1252
Javanese;java1254
Tagalog;taga1270
Chamorro;cham1312
Iai;iaai1238
Kaliai;kali1299
Adzera;adze1240
Maori;maor1246
Hawaiian;hawa1245
Western Desert;anta1253
Nyangumata;nyan1301
Kunjen;kunj1245
Maranungku;mara1386
Maung;maun1240
Nunggubuyu;nung1290
Alawa;alaw1244
Wik-Munkan;wikm1247
Sentani;nucl1632
Washkuk;kwom1262
Asmat;tamn1235
Telefol;tele1256
Gadsup;gads1258
Auyana;awiy1238
Kunimaipa;kuni1267
Selepet;sele1250
Nasioi;naas1242
Aleut;aleu1260
Inuit;kala1399
Chipewyan;chip1261
Chasta Costa;tolo1259
Hupa;hupa1239
Navaho;nava1243
Haida;sout2956
Squamish;squa1248
Salish;sout2965
Nootka;nuuc1236
Kwakiutl;kwak1269
Ojibwa;east2542
Delaware;unam1242
Wichita;wich1260
Dakota;lako1247
Seneca;sene1264
Oneida;onei1249
Yuchi;yuch1247
Alabama;alab1237
Tunica;tuni1252
Nez Perce;nezp1238
Maidu;nort2952
Zoque;copa1236
Totonac;papa1238
Chontal;taba1266
Tzeltal;tzel1254
Tarascan;pure1242
Karok;karo1304
Pomo;sout2982
Digueno;kumi1248
Zuni;zuni1245
Tiwa;picu1248
Tewa;tewa1260
Luiseno;luis1253
Hopi;hopi1249
Pima;toho1245
Otomi;mezq1235
Mazahua;cent2144
Mazateco;chiq1250
Mixtec;sanm1295
Cayapa;chac1249
Paez;paez1247
Itonama;iton1250
Quechua;sout2991
Aymara;jaqa1244
Araucanian;mapu1245
Island Carib;isla1278
Wapishana;wapi1253
Goajiro;wayu1243
Campa;asha1243
Moxo;igna1246
Amuesha;yane1238
Jivaro;shua1257
Barasano;waim1255
Ticuna;ticu1245
Carib;gali1262
Ocaina;ocai1244
Siriono;siri1273
Guarani;para1311
Amahuaca;amah1246
Chacobo;chac1251
Apinaye;apin1244
Shilha;tach1250
Hausa;haus1257
Angas;ngas1240
Margi;marg1265
Somali;soma1255
Awiya;awng1244
Iraqw;iraq1241
Tigre;tigr1270
Amharic;amha1245
Egyptian Arabic;egyp1253
Moroccan Arabic;moro1292
Maltese;malt1254
Modern Hebrew;hebr1245
Katcha;katc1250
Kpelle;libe1247
Wolof;nucl1347
Dagbani;dagb1246
Akan;akan1250
Ga;gaaa1244
Ewe;ewee1241
Igbo;nucl1417
Beembe;beem1239
Swahili;swah1253
Luvale;luva1239
Zulu;zulu1248
Gbeya;gbay1287
Songhai;koyr1242
Kanuri;cent2050
Logbara;lugb1240
Mahas-Fiyadikka;nobi1240
Luo;luok1236
Maasai;masa1300
Nama;nama1265
Irish Gaelic;iris1253
Breton;bret1244
Icelandic;icel1247
Norwegian;norw1259
English;stan1293
German;stan1295
French;stan1290
Portuguese;port1283
Spanish;stan1288
Rumanian;roma1327
Russian;russ1263
Bulgarian;bulg1262
Lithuanian;lith1251
Albanian;tosk1239
Modern Greek;mode1248
Armenian;nucl1235
Persian;west2369
Pashto;cent1973
Kashimiri;kash1277
Punjabi;panj1256
Hindi-Urdu;hind1269
Bengali;beng1280
Sinhalese;sinh1246
Basque;basq1248
Finnish;finn1318
Cheremis;east2328
Komi;komi1268
Hungarian;hung1274
Ostyak;khan1273
Yurak;nene1249
Turkish;nucl1301
Azerbaijani;nort2697
Kirghiz;kirg1245
Chuvash;chuv1255
Yakut;yaku1245
Khalkha;halh1238
Even;even1260
Yukaghir;nort2745
Gilyak;gily1242
Chukchi;chuk1273
Ainu;ainu1240
Japanese;nucl1643
KOTOKO;afad1236
ACHUMAWI;achu1247
ADZERA;adze1240
ARRERNTE;east2379
AMELE;amel1241
ANGAATIHA;anga1290
AGHEM;aghe1239
AIZI;apro1235
AHTNA;ahte1237
AINU;ainu1240
AKAN;akan1250
AKAWAIO;akaw1239
ALABAMA;alab1237
QAWASQAR;qawa1238
ALLADIAN;alla1248
ALEUT;aleu1260
ALAWA;alaw1244
ALBANIAN;tosk1239
AMAHUACA;amah1246
AMUESHA;yane1238
HAMER;hame1242
AMHARIC;amha1245
AMO;amoo1242
ALAMBLAK;alam1246
AMUZGO;guer1243
ANGAS;ngas1240
ANDOKE;ando1256
WESTERN DESERT;anta1253
APINAYE;apin1244
ANDAMANESE;apuc1241
ARCHI;arch1244
ARABELA;arab1268
ARAUCANIAN;mapu1245
ARABIC;egyp1253
AUCA;waor1240
AVAR;avar1256
AWIYA;awng1244
ABIPON;abip1241
AZERBAIJANI;nort2697
BASHKIR;bash1264
BAMBARA;bamb1269
BARASANO;waim1255
BARIBA;baat1238
BATAK;bata1289
BATS;bats1242
BOBO-FING;nort2819
BAI;cent2004
BARDI;bard1255
KOHUMONO;kohu1244
SAMA;indo1317
BANDJALANG;twee1234
BEJA;beja1238
BENGALI;beng1280
BEEMBE;beem1239
BETE;dalo1238
BISA;biss1248
BAKAIRI;baka1277
BELLA COOLA;bell1243
MUINANE;muin1242
BIROM;bero1242
BORORO;boro1282
BRAO;lave1249
BRETON;bret1244
BRAHUI;brah1256
BRUU;west2397
BODO;bodo1269
BURUSHASKI;buru1296
BULGARIAN;bulg1262
BURARRA;bura1267
BAINING;qaqe1238
BRIBRI;brib1243
CADDO;cadd1256
ASHUSLAY;niva1238
NICOBARESE;carn1240
CARIB;gali1262
CAYAPA;chac1249
NYAH KUR;nyah1250
CACUA;cacu1241
FUZHOU;mind1253
CHAMORRO;cham1312
CHIPEWYAN;chip1261
HIGHLAND CHINANTEC;quio1240
CHEROKEE;cher1273
CHUVASH;chuv1255
CHAM;east2563
UPPER CHEHALIS;uppe1439
CHUAVE;chua1250
CHUKCHI;chuk1273
MANDARIN;mand1415
LAI;haka1240
CAMPA;asha1243
COFAN;cofa1242
KONYAGI;wame1240
HMONG;chua1256
ISLAND CARIB;isla1278
TIDDIM CHIN;tedi1235
CHATINO;west2644
CUBEO;cube1242
CAYUVAVA;cayu1262
DANGALEAT;dang1274
DAN;dann1241
DAGBANI;dagb1246
DAJU;darf1239
DAHALO;daha1245
DAFLA;nyis1236
DYIRBAL;dyir1250
GERMAN;stan1295
DIYARI;dier1241
DIEGUENO;kumi1248
DINKA;nort2815
DANI;lowe1415
KAM;nort2735
DOAYO;doya1240
RUKAI;ruka1240
DAGUR;daur1238
DOGON;toro1252
YOLNGU;dhuw1249
DIOLA;jola1263
EFIK;efik1245
EKARI;ekar1243
GREEK;mode1248
YUPIK;cent2128
EJAGHAM;ejag1239
BASQUE;basq1248
EVEN;even1260
EWE;ewee1241
EWONDO;ewon1239
EYAK;eyak1241
FASU;fasu1242
NUBIAN;nobi1240
FIJIAN;fiji1243
FINNISH;finn1318
FE?FE?;fefe1239
FRENCH;stan1290
IATE;fuln1247
FUR;furr1244
PO-AI;guib1244
GA;gaaa1244
GADSUP;gads1258
GARAWA;gara1269
GBEYA;gbay1287
GWARI;gbag1258
GELAO;qaua1234
NANAI;nana1257
IRISH;iris1253
KULLO;dawr1236
GUAJIRO;wayu1243
GUARANI;para1311
GUAHIBO;guah1255
GUAMBIANO;guam1248
ACHE;ache1246
GUGU-YALANDYI;kuku1273
HAKKA;hakk1236
HAUSA;haus1257
HAWAIIAN;hawa1245
HAIDA;sout2956
HINDI-URDU;hind1269
HIXKARYANA;hixk1239
HOPI;hopi1249
HADZA;hadz1240
HUNGARIAN;hung1274
HUPA;hupa1239
HUASTECO;huas1242
HUAVE;sanm1287
ARMENIAN;nucl1235
IAI;iaai1238
IBAN;iban1264
IGBO;nucl1417
MOXO;igna1246
KOLOKUMA IJO;izon1238
IK;ikkk1242
IRARUTU;irar1238
IRAQW;iraq1241
IRANXE;iran1263
ISOKO;isok1239
ITELMEN;itel1242
ITONAMA;iton1250
MIEN;iumi1238
IVATAN;ivat1242
IWAM;iwam1256
JACALTEC;popt1235
YANYUWA;yany1243
JAVANESE;java1254
JEBERO;jebe1250
TOL;toll1241
JIVARO;shua1257
JAPANESE;nucl1643
JAQARU;jaqa1244
JAPRERIA;japr1238
JINGPHO;kach1280
INUIT;kala1399
KASHMIRI;kash1277
GEORGIAN;nucl1302
KABARDIAN;kaba1278
CAMSA;cams1241
KOIARI;gras1249
KEFA;kafa1242
DERA;dera1245
KHANTY;khan1273
K'EKCHI;kekc1242
KERA;kera1255
KET;kett1243
KOTA;kota1263
KOYA;koya1251
KAINGANG;kain1272
KHASI;khas1269
LUE;luuu1242
KHALKHA;halh1238
KALIAI;lusi1240
KHMER;cent1989
KHARIA;khar1287
KIOWA;kiow1266
KIRGHIZ;kirg1245
SOUTHERN KIWAI;sout2949
KHMU?;khmu1256
ACOMA;west2632
KEWA;east2516
TEKE;teke1280
KLAMATH;klam1254
KLAO;klao1243
KWOMA;kwom1262
KURDISH;nort2641
KANAKURU;dera1248
KANURI;cent2050
KONKANI;konk1267
KOREAN;kore1280
KPAN;kpan1246
SRE;koho1244
KOMI;komi1268
KORYAK;kory1246
SEBEI;kups1238
KURUKH;kuru1302
KAREN;sgaw1245
KALKATUNGU;kalk1246
!XU;juho1239
KUNAMA;kuna1268
KUNIMAIPA;kuni1267
CUNA;bord1248
KWAIO;kwai1243
KWAKW'ALA;kwak1269
KAROK;karo1304
LAKKIA;lakk1238
LAK;lakk1252
LELEMI;lele1264
LUGBARA;lugb1240
LAHU;lahu1253
LITHUANIAN;lith1251
DAKOTA;lako1247
LAME;peve1243
LUISENO;luis1253
LUO;luok1236
LUSHOOTSEED;sout2965
MAZATEC;chiq1250
MAASAI;masa1300
MAZAHUA;cent2144
MAXAKALI;maxa1247
MAMBILA;came1252
MBUM;mbum1254
MABA;maba1277
DIZI;dizi1235
MBA-NE;mbaa1245
MOGHOL;mogh1245
MARI;east2328
MIXTEC;sanm1295
MONGUOR;tuuu1240
MANCHU;manc1252
MOR;morb1239
MORO;moro1285
MALAKMALAK;mull1237
MAUNG;maun1240
DADIBI;dadi1250
WEST MAKIAN;west2600
MARGI;marg1265
MARANAO;mara1404
MIXE;toto1305
MURSI;murs1242
MURINHPATHA;murr1258
KALA LAGAW YA;kala1377
BURMESE;nucl1310
PIRAHA;pira1253
MUMUYE;nucl1240
MOVIMA;movi1243
SOUTHERN NAMBIQUARA;sout2994
XIAMEN;minn1241
NAMA;nama1264
NASIOI;naas1242
NAVAJO;nava1243
NAXI;naxi1245
NAHUATL;nort2957
NDUT;ndut1239
NEPALI;nepa1254
NEWARI;newa1246
NEZ PERCE;nezp1238
NGIZIM;ngiz1242
NONI;noon1243
LUA;niel1243
NGANASAN;ngan1291
NIMBORAN;nucl1633
NIVKH;gily1242
AO;aona1235
MAIDU;nort2952
NORWEGIAN;norw1259
TSESHAHT;nuuc1236
NERA;nara1262
LUNGCHOW;nung1283
NUNGGUBUYU;nung1290
NYIMANG;amas1236
NYANGI;nyan1313
OCAINA;ocai1244
OGBIA;ogbi1239
OJIBWA;east2542
PAPAGO;toho1245
ORMURI;ormu1247
PACOH;paco1243
PAYA;pech1241
PAEZ;paez1247
PANARE;enap1235
YAY;bouy1240
FARSI;west2369
MALAGASY;plat1254
POMO;sout2982
POHNPEIAN;pohn1238
PARAUK;para1301
PASHTO;cent1973
PAIWAN;paiw1248
PHLONG;pwon1235
QUECHUA;sout2991
QUILEUTE;quil1240
RESIGARO;resi1247
ROMANIAN;roma1327
ROTOKAS;roto1249
RORO;waim1251
RUSSIAN;russ1263
RUTUL;rutu1240
SANDAWE;sand1273
SANGO;sang1328
YAKUT;yaku1245
SEDANG;seda1262
SENECA;sene1264
SENADI;ceba1235
SELKUP;selk1253
SONGHAI;koyr1242
SENTANI;nucl1632
SHIRIANA;xiri1243
SHILHA;tach1250
SHUSWAP;shus1248
SHASTA;shas1239
SINHALESE;sinh1246
EPENA PEDEE;epen1239
SIERRA MIWOK;sout2985
SALIBA;sali1298
SAAMI;sout2674
SIONA;sion1247
SA'BAN;saba1265
SOMALI;soma1255
SPANISH;stan1288
SELEPET;sele1250
SOCOTRI;soqo1240
SIRIONO;siri1273
NAMBAKAENGO;natu1246
SUENA;suen1241
SAVOSAVO;savo1255
SUI;suii1243
TAMANG;east2347
ATAYAL;atay1247
HUARI;aika1237
TABI;gaam1241
TICUNA;ticu1245
TULU;tulu1258
TEHUELCHE;tehu1242
TELUGU;telu1262
TEMNE;timn1235
TEMEIN;nucl1339
TETUN;tetu1245
TIGAK;tiga1245
TAGALOG;taga1270
THAI;thai1261
TAMASHEQ;taha1241
TIGRE;tigr1270
TIWI;tiwi1244
TIRURAY;tiru1241
TLINGIT;tlin1245
JOMANG;talo1250
TAMA;tama1331
ASMAT;tamn1235
TACANA;taca1256
LENAKEL;lena1238
TOTONAC;papa1238
TAMPULMA;tamp1252
TLAPANEC;acat1239
TRUMAI;trum1247
TAORIPI;toar1246
TONKAWA;tonk1249
NEO-ARAMAIC;lish1246
TSIMSHIAN;nucl1649
TSOU;tsou1248
TARASCAN;pure1242
TERA;tera1251
TUNICA;tuni1252
TURKISH;nucl1301
PICURIS;picu1248
TUVA;tuvi1240
TZELTAL;tzel1254
NGARINJIN;ngar1284
MUNDARI;mund1320
UZBEK;nort2690
VANIMO;vani1248
VIETNAMESE;viet1252
MBABARAM;mbab1239
WAPPO;wapp1239
WAPISHANA;wapi1253
WARAO;wara1303
WAHGI;nucl1620
WICHITA;wich1260
WIK-MUNKAN;wikm1247
WINTU;wint1259
WIYOT;wiyo1248
WANTOAT;want1252
USAN;usan1239
WOISIKA;kama1365
WOLOF;nucl1347
WARIS;wari1266
WARAY;wara1290
BERTA;bert1248
CHANGZHOU;wuch1236
NGIYAMBAA;wang1291
KAWAIISU;kawa1283
KOMA;komo1258
KPELLE;libe1247
KADUGLI;katc1249
YAGUA;yagu1244
YAQUI;yaqu1251
YUCUNA;yucu1253
TAROK;taro1263
YAGARIA;yaga1260
YIDINY;yidi1250
YUKAGHIR;nort2745
YANA;yana1271
YORUBA;yoru1245
YAREBA;yare1248
NENETS;nene1249
YESSAN-MAYO;yess1239
YUCATEC;yuca1254
YUCHI;yuch1247
TAISHAN;yuec1235
YULU;yulu1243
YAWA;nucl1454
AZANDE;zand1248
ZOQUE;copa1236
ZULU;zulu1248
ZUNI;zuni1245
Abidji;abid1235
Adioukrou;adio1239
Adja;ajab1235
Adja;ajab1235
Agni sanvi;anyi1244
Ahl?;igoo1238
Akan;akan1250
Ak??se;akoo1248
Angas;ngas1240
Anuf?;anuf1239
Arabe;suda1236
Avokaya;avok1242
Babungo;veng1238
Bafut;bafu1246
Baka;baka1272
Bambara;bamb1269
Banda;band1345
Banda;band1345
Bandi;band1352
Baoul?;baou1238
Bariba;baat1238
Basaa;basa1284
Bassa;nucl1418
Bassar;ntch1242
B?t?;gagn1235
Bekwarra;bekw1241
Berom;bero1242
B???;beng1286
Bhele;bhel1238
Biali;bial1238
Bimoba;bimo1239
Bisa;biss1248
Bobo;nort2819
Boussa;boko1266
Bozo;hain1253
Bulu;bulu1251
Cerma;cerm1238
Chumburung;chum1261
Daba;nucl1683
Dagaare;sout2789
Dagara;nort2780
Dagbani;dagb1246
Dan;dann1241
Dangme;adan1247
Daza;daza1242
Dholuo;luok1236
Dida;lako1244
Dioula;dyul1238
Ditammari;dita1238
Doayo;doya1240
Dogon;toro1252
Duala;dual1243
Duruma;duru1249
Ebira;ebir1243
E?e;ewee1241
?do;bini1246
?zaa;ezaa1238
Ejagham de l'ouest;ejag1239
Emai;emai1241
Engenni;enge1239
Ewondo;ewon1239
Fe'efe'fe;fefe1239
F?n;fonn1241
Fulfulde;adam1253
Fulfulde;cent2018
Fulfulde;maas1239
Fulfulde;west2454
Fuliru;fuli1240
Ga;gaaa1244
Gangam;ngan1299
Gbaya;nort2775
Gbaya;gbay1287
G?n-mina;genn1243
G?n-mina;genn1243
Godi?;godi1239
Gonja;gonj1241
Grebo;nort2810
Gu?e;gude1246
Gulmancema;gour1243
Hanga;hang1258
Hausa;haus1257
Hausa;haus1257
If??;ifee1241
Igbo;nucl1417
Igede;iged1239
"Ijo de l'est; Eastern Ijo";sout2774
Ikwo;ikwo1238
Izi;izii1239
Joola;jola1263
Jur m?d?;jurm1239
Kabiy?;kabi1261
Kak?;kako1242
Kambari;baan1242
Kanuri;cent2050
Karaboro;west2466
Kara?;kara1478
Kasem;kase1253
Kas?m;kase1253
K??zime;koon1245
Kikuyu;kiku1240
Kisiei;nort2765
Kom;komc1235
Komo;komo1260
Konkomba;konk1269
Kpelle;libe1247
Kp?l?woo;guin1254
Kresh;gbay1288
Krio;krio1253
Kroumen t?po;tepo1239
Kuria;kuri1259
Kusal;kusa1250
Lama;lama1275
Lele;lele1276
Lendu;lend1245
L?g?magooi;loma1260
L?k?;loko1255
Ligbi;ligb1244
Limba;west2450
Limbum;limb1268
Lingala;ling1263
Lokpa;lukp1238
Luganda;gand1255
Lugbara;lugb1240
Ly?l?;lyel1241
Mambila;came1252
Mambila;nige1255
Mampruli;mamp1244
Mande;west2500
Manding;east2426
Mangbetu;mang1394
Maninka-kan;kita1249
M?nd?;mund1326
Mbembe;cros1244
Mbo?;mboc1235
Mekaa;maka1304
Mende;mend1266
Metta;meta1238
Minyanka;mama1271
Mo;degg1238
Mofu-gudur;mofu1248
Moore;moss1236
Muan;mwan1250
Mundani;mund1327
Munukutuba;kitu1245
Murle;murl1244
Mwaghavul;mwag1236
Nafaanra;nafa1258
Nawdm;nawd1238
N?ni;nort2784
N?maa;noma1260
Ngambai;ngam1268
Ngbaka;ngba1285
Ngbandi;nort2774
Ngyemb??n;ngie1241
Niaboua;nyab1255
Nso?;lamn1239
Nugunu;nugu1242
Nupe;nupe1254
Pandikeri;pand1265
Podoko;park1239
Pulaar;pula1263
Pular;pula1262
Rendille;rend1243
Sabaot;saba1262
Sango;sang1328
Sango;sang1328
Senoufo;sena1262
Sereer;sere1260
Sissala;siss1242
Sissala;siss1242
Songhoy;koyr1240
Soninke;soni1259
Sooninke;soni1259
Soso;susu1250
Swahili;swah1253
Tamajaq;tawa1286
Tamasheq;tama1365
Tarok;taro1263
T??n;teen1242
Teda;teda1241
Tem;temm1241
T?fin;tofi1235
Themne;timn1235
Tikar;tika1246
Toposa;topo1242
Toura;tour1242
Toussian;nort2787
Vagala;vagl1239
Vute;vute1244
Waama;waam1244
Wan;wann1242
Wob?;weno1238
Wolof;nucl1347
Yamba;yamb1251
Yamb?ta;yamb1252
Yaour?;yaou1238
Yemba;yemb1246
Yom;yomm1242
Yorouba;yoru1245
Yorouba;yoru1245
Zande;zand1248
Zarma;zarm1239
Zulgo;zulg1242
Fwe;fwee1238
Yeyi;yeyi1239
Cavinena;cavi1250
Chamicuro;cham1318
Chechen;chec1245
Chepang;chep1245
Cheremis;east2328
Chinanteco;leal1235
Tila, Chiapas;chol1282
Chrau;chra1242
Barbare?o;barb1263
Coeur d''Alene';coeu1236
Comanche;coma1245
Cupeno;cupe1243
Cuvok;cuvo1236
Denya;deny1238
Dhangar;nepa1253
Muhiang;mufi1238
Usarufa;usar1243
Korafe;kora1295
Binumarien;binu1245
Eggon;eggo1239
Ekpeye;ekpe1253
Endo;endo1242
Esimbi;esim1238
Fan;fang1246
Furu;furu1242
Garadjari;kara1476
Gbari;gbar1246
Golin;goli1247
Guajajara;guaj1255
Gunwinggu;gunw1252
Haya;haya1250
Huron;huro1249
Huichol;huic1243
Huaylas;huay1240
Huave, San Mateo del Mar;sanm1287
Huanca;jauj1238
Louyi;luya1241
Ibani;iban1261
Imonda;imon1245
Ingush;ingu1240
Isaka;kris1246
Jalonke;yalu1240
Hill Jarawa;izer1241
Jarawara;jama1261
Jemez;jeme1245
Jili;liji1238
Kabyle;kaby1243
Kada;gida1247
Kaiabi;kaya1329
Kamasau;kama1367
Kanoe;kano1245
Kensei Nsei;kens1251
Kar;east2398
Karipuna Creole;kari1301
Kenyang;keny1279
Kharia;khar1287
Chong;chon1284
Kinyarwanda;kiny1244
Kirike;kiri1254
Kokota;koko1269
Kole;bako1250
Konni;konn1242
Kuay;kuay1244
Kulung;kulu1253
Kuot;kuot1243
Kusunda;kusu1250
Kuvi;kuvi1243
Kwaza;kwaz1243
Ladakhi;lada1244
Langi;lang1320
Lao;laoo1244
Lavukaleve;lavu1241
Bafo;bafa1247
Lunda;lund1266
Lucazi;luch1239
Lukundu;orok1266
Macedonian;mace1250
Mada;mada1293
Ma'di;madi1260
Manam;mana1295
Mamenyan;bame1260
Manange;mana1288
Ngemba;ngem1255
Mara;mara1385
Maybrat;maib1239
"Mbodomo; Mbo?d??m??";gbay1281
Medumba;medu1238
Mingrelian;ming1252
Mmen;mmen1238
Moken;moke1242
Moseten;mose1249
Mpumpun;mpon1254
Mungaka;mung1266
Mvumbo;mvum1238
Mwotlap;motl1237
Namia;nami1256
Ndemli;ndem1249
Chiricahua Apache;mesc1238
Yuma;quec1382
Nankina;nank1250
Nandi;nand1266
Khmu;kima1246
Naki;naki1238
Michoacan Nahual;mich1245
Nagamese;naga1394
Ngishe;ngos1238
Ngalakan;ngal1293
Nganikurungkurr;nang1259
Ngomba;ngom1272
Ngombale;ngom1271
Nootka;nuuc1236
Northern Khmer;nort2684
Northern Paiute;nort2954
Nubi;nubi1253
Nuer;nuer1246
Nulibie;elip1238
Kinyamwezi;nyam1276
Nyeu;nyeu1238
Obolo;obol1243
Mianmin;mian1257
Faiwol;faiw1243
Oku;okuu1243
Ossetian;osse1243
Palauan;pala1344
Orokaiva;orok1269
Yil;yill1241
Ningil;ning1273
Dobu;dobu1241
Samo;samo1303
Urii;urii1240
Boiken;boik1241
Pray;phai1238
Mal;mall1246
Rama;rama1270
Matbat;matb1237
Rundi;rund1242
Runyankore;nyan1307
Marwari;marw1260
Samba Leko;samb1305
Samo de Toma;sout2844
Samre;samr1245
Sabane;saba1268
Saanich;saan1246
Sasak;sasa1249
Savara;sora1254
Popoluca de Sayula;sayu1241
Secoya;seco1241
Sedik;taro1264
Seimat;seim1238
Semelai;seme1247
Serrano;serr1255
Shabo;shab1252
Shanenawa;yawa1260
Shimakonde;mako1251
Shona;shon1251
Shupamem;bamu1253
Siar-Lak;siar1238
Saraiki;sera1259
Shawnee;shaw1249
Skou;nucl1634
So;aheu1239
South Efate;sout2856
Spokan;spok1245
Sesotho;sout2807
Satawalese;sata1237
Sumo;ulwa1239
Hup;hupd1244
San Miguel Chimalapa Zoque;chim1300
Zapotec;loxi1235
Yuki;yuki1243
Yapese;yape1248
Yurok;yuro1248
Yuracure;yura1255
Yukaghir (Kolyma);sout2750
Wa;nucl1290
Wambon;wamb1259
Washo;wash1253
Wayana;waya1269
Wogeo;woge1237
Warihio;huar1255
Vai;vaii1241
Ukrainian;ukra1253
Palula (Phalura);phal1254
East Makian;east2440
Tapiete;tapi1253
Baruga;baru1269
Tatuyo;tatu1247
Tagwana;tagw1240
Mazanderani;maza1291
Pa-O, Taungthu;paok1235
Ternate;tern1247
Toba (Argentina);toba1269
Polish;poli1260
"Standard Chinese; Mandarin";mand1415
"Kalabari; Kirike; Kalabari-Ijo";kala1381
Standard Yiddish;east2295
Dutch;dutc1256
"Tamambo; Malo";malo1243
Gayo;gayo1244
Jamaican Creole;jama1262
"Mambay; Mambai";mamb1294
Aragonese;arag1245
Tilquiapan Zapotec;tilq1235
Ibibio;ibib1240
Tamil;tami1289
San Bartolome? Zoogocho Zapotec;zoog1238
"Baga Koga; Koba; Barka";baga1273
Southern Nuautl;sout2895
Selaru;sela1259
"Tsuvadi; Avadi; Abadi; Evadi; Kamberi; Ibeto";tsuv1239
"Hanga Hundi; Kwasengen; West Wosera";hang1263
"Blang; Plang; Bulang; Pulang; Pula; Kawa; K''ala; Kontoi'";blan1242
"Tatana''; Tatanaq; Tatana'";tata1257
Tibetan;tibe1272
"Che; Rukuba; Kuche; Bache; Inchazi; Sale";chee1238
"Tolowa; Tolowa-Chetco";tolo1259
"Pagibete; Apakabeti; Apakibeti; Apagibete;Apagibeti; Pagabete";pagi1243
Choctaw;choc1276
Michif;mich1243
"Pilaga; Pilag?";pila1245
"Euchee; Yuchi";yuch1247
"Kurripako; Baniwa; Baniwa (Icana)";bani1255
"Karitiana; Kariti?na";kari1311
"I?upiaq; I?upiat; Inupiat; Inupiaq";nort2943
"Tlacolula Valley Zapotec; Western Tlacolula Zapotec; Zapotec, San Juan Guelav?a";sanj1284
Tzotzil, Chamula;tzot1259
"Sidaama; Sidamo; Sidamic";sida1246
"Bajau, West Coast; Land Bajaw; West Coast Bajao";west2560
Chimariko;chim1301
"Tepehua, Huehuetla; Tepehua de Hidalgo; Tepehua de Huehuetla";hueh1236
"Southern Ute; Ute; Ute-Southern Paiute";utes1238
"Dupaningan Agta; Eastern Cagayan Agta; Dupaninan Agta";dupa1235
"Tongan; Tonga";tong1325
"Lake Miwok; Miwok (Lake)";lake1258
Laz;lazz1240
Juang;juan1238
Adang;adan1251
Ambele;ambe1247
Apurin?;apur1254
Acehnese;achi1257
Antiguan Creole;anti1245
Aklan;akla1241
Ika;arhu1242
Karo;karo1306
Lebanese Arabic;liby1240
Toba-Batak;bata1289
Baule;baou1238
Remo;bond1245
Bikele;bike1242
Blackfoot;siks1238
Biloxi;bilo1248
Belizean Creole;beli1260
Koasati;koas1236
Comox;como1259
Sochiapan Chinantec;soch1239
Dimili;diml1238
Etsako;yekh1238
Frisian;nort2626
"Gojri; Gujari; Gujar";guja1253
Wanano;guan1269
Kihungan;hung1278
Chilliwak Halkomelem;halk1245
Huastec;huas1242
Ilocano;ilok1237
Kadiweu;kadi1248
Kuteb;kute1248
Awa Pit;awac1239
Lisu;lisu1250
Loniu;loni1238
Molalla;mola1238
Matses;mats1244
Manipuri;mani1292
Mandingo;mand1436
Mocovi;moco1246
"Western Mam; Tacanec";mamm1241
Munduruku?;mund1330
Nishgha;nisg1240
Low German;nort2627
Northern Pame;nort2984
Panamint;pana1305
Nigerian Pidgin;nige1257
Northern Pomo;nort2966
Texistepec Popoluca;texi1237
Eastern Khanty;khan1273
Catalan;stan1289
Croatian;croa1245
Czech;czec1258
Galician;gali1258
Kabiye;kabi1261
Mono;mono1270
Indonesian;indo1316
Italian;ital1282
Salasaca Quichua;sala1272
Seri;seri1257
Sindhi;sind1272
Slovene;slov1268
Swedish;swed1254
Taba;east2440
Tukang Besi;tuka1248
Yine;yine1238
Quiche;kich1262
Huallaga (Huanuco) Quechua;huam1248
Sipakapense Maya;sipa1247
Chimborazo Quichua;chim1302
Tepehua;tlac1235
Abulas;ambu1247
Abau;abau1245
Agaw;qima1242
Akha;akha1245
Alyawarra;alya1239
Amanab;aman1265
Anywa;anua1242
Arandai;aran1237
Arapesh;bumb1241
Tanacross;tana1290
Au;auuu1241
Tinputz;tinp1237
Petats;peta1245
Patep;pate1247
Kela;kela1255
Sursurunga;surs1246
Awara;awar1248
Awing;awin1248
Awtuw;awtu1239
Baba;baba1264
Babanki;baba1266
Bakoko;bako1249
Bali-Kumbat;nyon1241
Bamunka;bamu1256
Bangolan;bang1356
Banoo;bata1285
Bariai;bari1286
Befang;befa1241
Ida''an';idaa1241
Bemba;bemb1257
Berbice Dutch;berb1259
Betta Kurumba;bett1235
Biak;biak1248
Bilinara;bili1250
Binandere;bina1277
Bobo;sout2840
Bole;nucl1695
Bongo;bong1285
Boro;boro1277
Brokskat;brok1247
Baga Sitem;baga1272
Bubia;bubi1249
Bukusu;buku1249
Subiya;subi1246
Totela;tote1238
"Bambalang; Ci?ra?mb??";bamb1265
North Marquesan;nort2845
"??ge; Ong; Onge";onge1236
"Oluta Popoluca; Olutec";olut1240
Jiarong;jiar1240
Suri;suri1267
Bilua;bilu1245
Hoava;hoav1238
Filipino;fili1244
"Ngad''a; Ngadha'";ngad1261
Muna;muna1247
"Ke''o; Ke?o'";keoo1238
"Aheu; Thavung";aheu1239
"Sakirabi?; Mekens";saki1248
Tiwi;tiwi1244
Torwali;torw1241
"Thulung; Thulung Rai";thul1246
Tshangla;tsha1245
"Colorado; Tsafiki";colo1256
Tzutujil;tzut1248
Pwo Karen;pwon1235
"Tuva; Tuvan";tuvi1240
"Kinnauri; Kanauri";kinn1249
Mewati;mewa1250
"Aneityum; Anejom?";anei1239
Zaiwa;zaiw1241
Chickasaw;chic1270
Friulian;friu1240
Jicarilla Apache;jica1244
Ega;egaa1242
"Adamawa Fulfulde; Adamawa Fulani";adam1253
Arrarnte;west2441
"Sanuma; Sanuma?";sanu1240
"Wari; Wari''; Wari?; Oro Nao'";wari1268
Crow;crow1244
Barbare?o;barb1263
Lele (Ly?l?);lyel1241
Fulfulde (Cameroon);adam1253
Anyi Sanvi;anyi1245
Agni Djuablin;anyi1245
Agni Morofo;anyi1244
Akan;akan1250
anuf?;anuf1239
babole;dibo1245
bana;bana1305
baka;baka1274
aja;ajas1235
bila;bila1255
busa;busa1253
fulfulde (fuunaangere);adam1253
fulfulde (NGA);nige1253
herero;here1253
Senoufo-Cebaara;ceba1235
songhoy;koyr1240
kpa?;bafi1243
lega-shabunda;lega1249
limbum (southern);limb1268
limbum (central);limb1268
limbum (northern);limb1268
myene;myen1241
N'cam;ntch1242
Nen;tune1261
matuumbi;matu1259
yao;yaoo1241
umbundu;umbu1257
ndonga;ndon1254
mbukushu;mbuk1240
diriku;diri1252
kwangari;kwan1273
soninke (kaedi (MRT));soni1259
Songhay, Koyraboro Senni;koyr1242
Lele;lele1276
Ikalanga;ikal1242
mongo-nkundu;mong1338
longto;long1387
xwela;xwel1235
western xwla;west2456
kotafon;kota1272
gbesi;gbes1238
machame;mach1266
mada;mada1282
mbe;mbee1249
ngwe;ngwe1238
jowulu;jowu1238
yala;yala1263
cilungu;mamb1296
kete;kete1252
kwezo;kwes1244
Madi;sout2828
Moru;moru1253
Logo;logo1259
Afitti;afit1238
Avatime;avat1244
Abua;abua1244
Anyi;anyi1245
Dghwede;dghw1239
Eloyi;eloy1241
Fula (Nigeria);nige1253
Gechode;giky1238
Genyanga;giny1241
Kilba;huba1236
Kofyar;kofy1242
Krache;krac1238
Krim;krim1238
Banda, West Central;west2458
Dinka, South Central;sout2833
Foodo;food1238
Joola Huluf;jola1262
Jumjum;jumj1238
Burun;buru1301
Lulubo;olub1238
Maay;maay1238
Mabaan;maba1273
Nizaa;suga1248
Copi;copi1238
Xhosa;xhos1239
Siwu;siwu1238
Sherbro;sher1258
Mmani;mman1238
Hill Guang;cher1271
Ndut-Falor;palo1243
Frafra;fraf1238
Likpe;sekp1241
Mampruli;mamp1244
Shanjo;tong1318
Pajade;bady1239
Sele;sele1249
Tiv;tivv1240
Blin;bili1260
Xamtanga;xamt1239
Lika;lika1243
Yanzi;yans1239
Kibudu;budu1250
Iikile;kele1255
Lengola;leng1258
Kaliko;keli1248
Wongo;wong1247
Mwali;mwal1237
Afar;afar1241
Mundang;mund1325
Mono;mono1269
Tupuri;tupu1244
Kuo;kuoo1238
Kare;kare1338
Galke;ndai1238
Northern Mao;bamb1262
Tigrinya;tigr1271
Karimojong;kara1483
Gwandara (Karshi);gwan1268
Gwandara (Cancara);gwan1268
Gwandara (Toni);gwan1268
Gwandara (Gitata);gwan1268
Gwandara (Koro);gwan1268
Gwandara (Nimbia);gwan1268
Avikam;avik1243
Shilluk;shil1265
San;haio1238
Pero;pero1241
Galla;bora1271
Hadiyya;hadi1240
Welamo;wola1242
Nyanga;kuny1238
Otuho;otuh1238
Orusyan;masa1299
Higi;kamw1239
Manya;many1261
Syan;saya1246
Nz?bi;njeb1242
Tadaksahak;tada1238
Kambaata;kamb1316
Otoro;otor1240
Tira;tira1254
Nyam;nyam1285
Kirya-Konz?l;fali1285
Mawa;mawa1270
!Xo?o?;huaa1248
Koalib;koal1240
Kagulu;kagu1239
Oko;okoo1245
!Xun;kung1261
Banjun;ghom1247
Defaka;defa1248
Tee;teee1242
Kipsigis;kips1239
Pangwa;pang1287
Holoholo;holo1240
Buli;buli1254
Balante;bala1302
Kinyambo;nyam1277
Dan;dann1241
Pokot;poko1263
Afrikaans;afri1274
Argobba;argo1244
Harari;hara1271
Dinka;dink1262
Nzema;nzim1238
Ahanta;ahan1243
Besleri;besl1239
Buwal;buwa1243
Hide;hdii1240
Lamang;lama1288
Ikwere;ikwe1242
Lagwan;lagw1237
Mbodomo;gbay1281
Mbuko;mbuk1243
Moloko;molo1266
Muyang;muya1243
Ngomba;ngom1272
Kemezung;keme1240
Nateni;nate1242
Silt'i;silt1240
Weh;wehh1238
Tulishi;tuli1249
Keiga;keig1242
Krongo;kron1241
Kanga (Kanga);kang1288
Kanga (Kufa);kang1288
Kadugli (Kadugli);katc1249
Kadugli (Miri);katc1249
Kadugli (Katcha);katc1249
Morokodo;moro1284
Aringa;arin1244
These;tese1238
Lumun;lumu1239
Asharon;ache1245
Tocco;toch1257
Thakik;dagi1241
Didinga;didi1258
Luwo;luwo1239
Acholi;acol1236
Belanda Boor;bela1256
Belanda Viri;bela1255
Ndogo;ndog1248
Bade;bade1248
Pichi;fern1234
Jita;jita1239
Dime;dime1235
Lutsootso;tsot1241
Jamsay, Dogon;jams1239
Kikamba;kamb1297
Bafia;bafi1243
Lango;lang1324
Olukisa;kisa1263
Nyole;nyol1238
Kimwani;mwan1247
Shekgalagari;kgal1244
Tigemaxo Bozo;tiey1235
Alaaba;alab1254
Degema;dege1246
Basari;ntch1242
Principense;prin1242
Nkonya;nkon1248
Soddo;sodd1242
Goggot;kist1241
Masqan;mesq1240
Muher;seba1251
Ezha;ezha1238
Chaha;chah1248
Gumer;gume1239
Gura;seba1251
Gyeto;seba1251
Ennemor;inor1238
Endegen;inor1238
Ener;inor1238
Dzuungoo;dzuu1241
Bagirmi;bagi1246
Ngiti;ngit1239
Chindali;ndal1241
Me'en;meen1242
Ongamo;ngas1238
Mbay;mbay1241
Gumuz;gumu1244
Soo;sooo1256
Gimira;benc1235
Bench;benc1235
Yemsa;yems1235
Zayse;zays1236
Gamo;gamo1243
Koorete;koor1239
Aari;aari1239
Komo;komo1258
Twampa;uduk1239
Opo;opuu1239
Kwama;kwam1249
Mayogo;mayo1261
Lusaamia;saam1283
Nouni;sout2795
Ndebele;nort2795
Saxwe, Gbe;saxw1241
Laarim;nari1240
Bijogo;bidy1244
Dompo;domp1238
Bamana;bamb1269
Heiban;heib1243
Koyaga;koya1253
Cwaya;shwa1239
Tiba;gaaa1245
Kwanyama;kuan1247
Mbalanhu;mbal1255
Kwambi;kwam1251
Ngandjera;ngan1300
Ndonga (Kwaluudhi);ndon1254
Ndonga (Kolonkadhi);ndon1254
Ndonga (Eunda);ndon1254
Konkomba;konk1269
Beria;zagh1240
Zway;zayy1238
Leke;bomi1238
Bobo, North;nort2819
Bena;bena1262
Kpelle, North;guin1254
Kakabe;kaka1265
Lele;lele1266
Looma;loma1260
Mano;mann1248
Kyanga;kyen1242
Shanga;shan1282
Abure;abur1243
Bankon;bank1256
Efutu;efut1241
Aghem;aghe1239
Arbore;arbo1245
Abidji;abid1235
Adioukrou;adio1239
Aizi, Tiagba;tiag1235
Alladian;alla1248
Tin?r;begb1241
Shindazidja;ngaz1238
Akpes;akpe1248
Iten;eten1239
Nuer;nuer1246
West Kainji;kagf1238
Idu;idom1241
Rigwe;irig1241
Izere;izer1241
Jere;jere1244
Leggbo;legb1242
Logba;logb1245
Awngi;awng1244
Glavda;glav1244
Ahaan;ahan1244
Uwu;ayer1245
Ronga;rong1268
Comorian, Ndzwani;ndzw1235
Birifor;sout2790
Kwatay;kuwa1246
Attie;atti1239
Angolar;ango1258
Oromo, Eastern;east2652
Kriyol;uppe1455
Akoose;akoo1248
Bakaka (Mwaneka);baka1273
Bakaka (Babong);baka1273
Bakaka (Mkaa');baka1273
Mbo (Ekanang);mboc1235
Bassossi;bass1260
Mbo (Ngwatta);mboc1235
Liberian English;libe1240
Gban;gagu1242
Eton;eton1253
Reunionnais;reun1238
Masalit;nucl1440
Saotomense;saot1239
Tangale;nucl1696
Sukuma;suku1261
Mauritian Creole;mori1278
Krio;krio1253
Kituba;kitu1246
Akasilimi;akas1242
Tuki;tuki1240
Baka;baka1272
Bum;bumm1238
Daba;nucl1683
Gavar;gava1241
Gu'de;gude1246
Lango;lang1322
Igo;igoo1238
Kako;kako1242
Kwanja;kwan1276
Mambila;came1252
Mere;mere1246
Mandara;wand1278
Chonyi;chon1287
Digo;digo1243
Duruma;duru1249
Giryama;giry1241
Ji?ana;giry1241
Kambe;kamb1298
Kauma;kaum1238
Ra?ai;giry1241
Re?e;giry1241
Vame;vame1236
Numala;mmaa1238
Kotoko;mpad1242
Mofu, South;mofu1248
Mbe;mbee1249
Nchane;ncan1245
Mfumte;mfum1238
Njem;njye1238
Bwamut;buam1238
Kwami;kwam1250
Gouro;guro1248
Cape Verde Creole;kabu1256
Kulango;boun1243
Ts'amakko;tsam1247
Tamazight Berber;cent2194
Siwi;siwi1239
Ndamba;ndam1239
Barein (Jalkiya);bare1279
Barein (Giliya);bare1279
Barein (Jalking);bare1279
Barein (Komiya);bare1279
Gaahmg;gaam1241
Mungbam;abar1238
Mundabli;mund1328
Ajumbu;mbuu1238
Koshin;kosh1246
Fang;fang1248
Kuranko;kura1250
Lwaa;niel1243
Gisiga;nort3047
Moghamo;mogh1246
Mokpwe;mokp1239
Siamou;siam1242
Ngiemboon;ngie1241
Nugunu;nugu1242
Mbembe;tigo1236
Orma;orma1241
Pinyin;piny1238
Pana;pana1294
Thok Reel;reel1238
Ouldeme;wuzl1236
Balese;lese1243
Toura;tour1242
Kigweno;gwen1239
Sisumbwa;sumb1240
Luzinza;zinz1238
Kimeru;meru1245
Kikahe;kahe1238
Kihangaza;hang1260
Kimochi;moch1256
Kisimbiti;suba1252
Eciruuri;kway1241
Wawa;wawa1246
Tachelhit;tach1250
Tounia;tuni1251
Senoufo, Cebaara;ceba1235
Fuliiru;fuli1240
Sandawe;sand1273
Tsuva?i;tsuv1239
Ejagham;ejag1239
Yemba;yemb1246
Nchufie;bafa1249
Burji;burj1242
Anii;anii1245
Fipa;fipa1238
Nawuri;nawu1242
Anfillo;anfi1235
Bokala-Nkole;ntom1248
Talasa;tumt1243
Iyive;iyiv1238
Karo Batak;bata1293
Tagalog;taga1270
Southern Sama;sout2918
Kimaragang;kima1244
Belait;bela1260
Iloko/Ilocano;ilok1237
Phan Rang Cham (Eastern Cham);east2563
Moklen;mokl1243
Moken;moke1242
Nias;nias1242
Javanese;java1254
Buol;buol1237
Makassar;maka1311
Mori Bawah;mori1268
Kambera;kamb1299
Tetun;tetu1245
Leti;leti1246
Makian, East (Taba);east2440
Biak;biak1248
Ambon Malay;ambo1250
Banda Malay;band1353
Manado Malay;mala1481
Kupang Malay;kupa1239
Larantuka Malay;lara1260
North Maluku Malay;nort2828
Indonesian;indo1316
Madurese;nucl1460
Cebuano;cebu1242
Balinese;bali1278
Bugis;bugi1244
Bikol (Bicolano);cent2087
Hiligaynon;hili1240
Kapampangan;pamp1243
Minangkabau;mina1268
Pagasinan;pang1290
Tengger;teng1272
Abujmaria;abuj1237
Andamanese;apuc1241
Angami;anga1288
Ao-Naga;aona1235
Apatani;apat1240
Assamese;assa1263
Awadhi;awad1243
Badaga;bada1257
Balti;balt1258
Banjara;lamb1269
Bengali;beng1280
Bhili;bhil1251
Bhumij;mund1320
BoRo;boro1277
Brokskat;brok1247
Bundeli;bund1253
Chandangs and Byangs;chau1259
Chokri;chok1243
Darmiya;darm1243
Didayi;gata1239
Gade-Lohar;gade1236
Gallong;galo1242
Garo;garo1247
Gojri;guja1253
Gujarati;guja1252
Gutob;bodo1267
Halbi;halb1244
Hindi;hind1269
Ho;hooo1248
Irula;irul1243
Jaunsari;jaun1243
Juang;juan1238
Kangri;kang1280
Kannada;nucl1305
Kanigke:rgotti;saur1248
Karbi (Mikir);karb1241
Kasaba;irul1243
Kashmiri;kash1277
Kattunaika;jenn1240
Kharia;khar1287
Khasi;khas1269
Khezha;khez1235
Kod?agu;koda1255
Kolami;nort2699
Kon?d?a or Kubi;kond1295
Kon?ekar Gadaba;mudh1235
Konkani;konk1267
Koraga;korr1238
Korku;kork1243
Kota;kota1263
Koya;koya1251
Kui;kuii1252
Kumauni;kuma1273
Kurux;kuru1302
Kuvi;kuvi1243
Ladakhi;lada1244
Lamani;lamb1269
Lepca;lepc1244
Lotha;loth1237
Lushai;lush1249
Maithili;mait1250
Malayalam;mala1464
Malto;saur1249
Manipuri;mani1292
Mao-Naga;maon1238
Marathi;mara1378
Mishmi;miju1243
Mising;miny1240
Moyon;moyo1238
Mundari;mund1320
Naiki;naik1250
Nepali;nepa1254
Nicobarese;cent1990
Ollari;pott1240
Oriya;oriy1255
Paite;pait1244
Parji;duru1236
Pat?t?an?i;patt1248
Pengo;peng1244
Punjabi;panj1256
Remo;bond1245
Sanskrit;sans1269
Santali;sant1410
Sema;sumi1235
Shina;shin1264
Sindhi;sind1272
So?ra;sora1254
Tamil;tami1289
Tangkul Naga;tang1336
Tangsa;tase1235
Telugu;telu1262
Thaadou;thad1238
Toda;toda1252
Tripuri;kokb1239
Tulu;tulu1258
Urali;ural1274
Urdu;urdu1245
Vaagri Boli;vaag1238
Yerava;ravu1237
Yerukala;yeru1240
Kawesqar;qawa1238
Mapudungun;mapu1245
Achagua;acha1250
Apurin?;apur1254
Lokono;araw1276
Ash?ninka;asha1243
Ash?ninka;ajyi1238
Ash?ninka;ashe1272
Ash?ninka;pich1237
Ash?ninka;ucay1237
Baniwa;bani1255
Baniwa;bani1255
Bar?;bare1276
Cabiyar?;cabi1241
Caquinte;caqu1242
Chamicuro;cham1318
Curripaco;curr1243
Enawen?-Naw?;enaw1238
I?apari;inap1243
Kinikinao;guan1270
Manchinere;mach1268
Matsigenka;mach1267
Mehin?ku;mehi1240
Nanti;nant1250
Nomatsigenga;noma1263
Palik?r;pali1279
Paraujano;para1316
Pares?;pare1272
Piapoco;piap1246
Res?garo;resi1247
Tariana;tari1256
Ter?na;tere1279
Wapichana;wapi1253
Warekena;guar1293
Waur?;waur1244
Way?u;wayu1243
Xiri?na;xiri1243
Y?nesha;yane1238
Yavitero;yavi1244
Yawalapit?;yawa1261
Yine;yine1238
Yucuna;yucu1253
Baure;baur1253
Ignaciano;igna1246
Den?;deni1241
Jamamad?;jama1261
Jarawara;jama1261
Kulina;culi1244
Paumar?;paum1247
Suruah?;suru1263
Aymara;cent2142
Jaqaru;jaqa1244
Awa-Cuaiquer;awac1239
Cha'palaa;chac1249
Guambiano;guam1248
Ts?fiki;colo1256
Bora;bora1263
Mira?a;mira1254
Muinane;muin1242
Shiwilu;jebe1250
Shawi;chay1248
Akurio;akur1238
Apala?;apal1257
Ar?ra, Par?;para1310
Bakair?;baka1277
Bakair?;baka1277
Carib;gali1262
Carib;gali1262
Carib;gali1262
Carijona;cari1279
Hixkary?na;hixk1239
Ikpeng;ikpe1245
Ingarik?;akaw1239
Japreria;japr1238
Kaxui?na;kaxu1237
Kuik?ro-Kalap?lo;kuik1246
Macushi;macu1259
Mapoyo;mapo1246
Yekwana;maqu1238
Panare;enap1235
Pemon;pemo1248
Pemon;pemo1248
P?mono;pemo1245
Tri?;trio1238
Waimiri-Atroar?;waim1253
Waiwai;waiw1244
Wayana;waya1269
Yabarana;yaba1248
Oro Win;orow1243
Wari';wari1268
Ika;arhu1242
Bar?;bari1297
Muisca;chib1270
Chimila;chim1309
Cof?n;cofa1242
Kogi;cogu1240
Border Kuna;bord1248
Damana;mala1522
Tunebo;cent2150
Woun Meu;woun1238
Ember?-Baud?;embe1259
Ember?-Cat?o;embe1260
Ember?-Cham?;embe1262
Northern Ember?;nort2972
Epena;epen1239
G?n?n Yajich;puel1244
Chon;onaa1245
Tehuelche;tehu1242
Kokama-Kokamilla;coca1259
Cuiba;cuib1242
Guahibo;guah1255
Guayabero;guay1257
Macagu?n;maca1259
Abipon;abip1241
Kadiw?u;kadi1248
Mocov?;moco1246
Pilag?;pila1245
Toba;toba1269
Toba;toba1269
Amarakaeri;amar1274
Chol?n;chol1284
Andoke;ando1256
A??wa;abis1238
Cams?;cams1241
Candoshi-Shapra;cand1248
Cayubaba;cayu1262
My?ky;iran1263
Itonama;iton1250
Leco;leco1242
Lule;lule1238
Mochica;moch1259
Movima;movi1243
Muniche;muni1258
P?ez;paez1247
Puinave;puin1248
Taushiro;taus1253
Ticuna;ticu1245
Tinigua;tini1245
Trumai;trum1247
Urarina;urar1246
Vilela;vile1241
Waorani;waor1240
Warao;wara1303
Yahgan;yama1264
Yurakar?;yura1255
Achuar-Shiwiar;achu1248
Aguaruna;agua1253
Huambisa;huam1247
Shuar;shua1257
Kakua;cacu1241
Nukak;nuka1242
Katuk?na;nucl1668
Apinay?;apin1244
Arikap?;arik1265
Bor?ro;boro1282
Canela;cane1242
B?s?ro;chiq1248
Gavi?o do Par?;para1315
Guat?;guat1253
Jabut?;djeo1235
Kaingang;kain1272
Karaj?;kara1500
Mebengokre;kaya1330
Krah?;krah1246
Krenak;kren1239
Krinkati-Timbira;krik1239
Maxakal?;maxa1247
Ofay?;ofay1240
Panar?;pana1307
Parkateje;para1315
Puri;puri1262
Rikbaktsa;rikb1245
Suy?;suya1243
Tapayuna;suya1243
Umot?na;umot1240
Xav?nte;xava1240
Xer?nte;xere1240
Xokleng;xokl1240
Yaathe;fuln1247
Kaing?ng, S?o Paulo;saop1235
Chorote;iyow1239
Maka;maca1260
Chulup?;niva1238
Wich?;wich1264
Callawaya;call1235
Moset?n de Covendo;mose1249
Moset?n de Santa Ana;mose1249
Tsiman?;mose1249
Pirah?;pira1253
D?w;daww1239
Hup;hupd1244
Nad?b;nade1244
Yuhup;yuhu1238
Kithaulhu;khit1238
Latunde;latu1238
Mamaind?;mama1278
Saban?;saba1268
Amahuaca;amah1246
Arara do Acre;shar1245
Capanahua;capa1241
Cashibo-Cacataibo;cash1251
Ch?cobo;chac1251
Kashinawa;cash1254
Katuk?na;pano1254
Kaxarar?;kaxa1239
Korubo;koru1247
Mat?s;mati1255
Mats?s;mats1244
Nukini;nuku1263
Panobo;pano1255
Poyan?wa;poya1241
Saynawa;yami1256
Shanenawa;shan1283
Sharanawa;shar1245
Shipibo;ship1255
Yaminawa;yami1256
Yawanawa;yawa1260
Yora;yora1241
Yagua;yagu1244
Yameo;yame1242
Ancash Quechua;coro1247
Cajamarca Quechua;caja1238
Chachapoyas Quechua;chac1250
Cuzco-Collao Quechua;cusc1236
Ferre?afe Quechua;lamb1276
Imbabura Quichua;imba1240
Inga;inga1252
Inga;jung1240
Jauja-Huanca Quechua;jauj1238
North Jun?n Quechua;nort2980
North Jun?n Quechua;nort2980
Ayacucho Quechua;ayac1239
Bolivian Quechua;nort2976
Huallaga Hu?nuco Quechua;hual1241
Huaylas-Conchucos Quechua;nort2979
San Martin Quechua;sanm1289
Yaru Quechua;nort2980
Santiago del Estero Quechua;sant1432
Napo Quichua;napo1242
Salasca Quechua;sala1272
Tena Quechua;tena1240
Piaroa;piar1243
S?liba;sali1298
Araona;arao1248
Cavine?a;cavi1250
Ese Ejja;esee1248
Ese Eja;esee1248
Reyesano;reye1240
Tacana;taca1256
Barasana-Eduria;bara1380
Kubeo;cube1242
Desano;desa1247
Wanano;guan1269
Karapan?;cara1272
Koreguaje;kore1283
Macuna;macu1260
M??h?ki;orej1242
Piratapuyo;pira1254
Secoya;seco1241
Siona;sion1247
Siriano;siri1274
Tanimuca-Retuar?;tani1257
Tatuyo;tatu1247
Tucano;tuca1252
Tuyuca;tuyu1244
Waimaha;waim1255
Yurut?;yuru1263
Ach?;ache1246
Akunts?;akun1241
Amundava;amun1246
Apiak?;apia1248
Arawet?;araw1273
Asurini do Xing?;xing1248
Asurin? do Tocantins;toca1235
Av?-Canoeiro;avac1239
Awet?;awet1244
Chiriguano;east2555
Chiriguano;east2555
Emerillon;emer1243
Gavi?o do Jiparan?;gavi1246
Guaj?;guaj1256
Guajaj?ra;guaj1255
Mby?;mbya1239
Paraguayan Guaran?;para1311
Guarayu;guar1292
J?ma;juma1249
Jur?na;juru1256
Kaapor;urub1250
Kaiw?;kaiw1246
Kamayur?;kama1373
Kariti?na;kari1311
Karo;karo1306
Kayab?;kaya1329
Kuru?ya;kuru1309
Makur?p;maku1278
Munduruk?;mund1330
Nheengat?;nhen1239
Omagua;omag1248
Pai Tavytera;pait1247
Parakan?;para1312
Sakirabi?;saki1248
Sater?-Maw?;sate1243
Suru?;suru1262
Tapiet?;tapi1253
Tapirap?;tapi1254
Temb?;temb1276
Tenharim;tenh1241
Tupar?;tupa1250
Tupinamb?;tupi1273
Uru-Eu-Wau-Wau;urue1240
Wayampi;waya1270
Wayampi;waya1270
Xet?;xeta1241
Xipaya;xipa1240
Zo'?;zoee1240
Sirion?;siri1273
Yuqui;yuqu1240
Aikan?;aika1237
Ar?ra do Mato Grosso;mato1253
Hoti;yuwa1244
Kano?;kano1245
Karir?-Xoc?;kari1255
Kunza;kunz1244
Kwaza;kwaz1243
Pum?;pume1238
Chipaya;chip1262
Uru;uruu1244
Huitoto, Minica;mini1256
Huitoto, Murui;muru1274
Nonuya;nonu1241
Ocaina;ocai1244
Ninam;nina1238
Sanum?;sanu1240
Yanom?mi;yano1262
Yanomam?;yano1261
Chamacoco;cham1315
Ayoreo;ayor1240
Andoa;ando1255
Arabela;arab1268
Iquito;iqui1243
Z?paro;zapa1253
Nhandeva;chir1286
Pisamira;pisa1245
Alacalufe;qawa1238
Aymara;cent2142
Yanomama of Papiu;yano1262
Yanomae of Demini/Tototopi;yano1262
San?m? of Kolulu;sanu1240
Yanomam? of Parawau;yano1261
Y?roam? of Serra do Pacu/Ajarani;yaro1235
Yanomam? of Venezuela;yano1261
Pacahuara;paca1246
Yukpa;yukp1241
Yukpa;yukp1241
Trinitario;trin1274
Amharic;amha1245
Arabic;stan1318
Arrernte, Central;east2379
Assamese;assa1263
Bardi;bard1255
Basque;basq1248
Bengali;beng1280
Bulgarian;bulg1262
Burmese;nucl1310
Hakka Chinese;hakk1236
Chinese;yuec1235
Danish;dani1285
Luanyjang Dinka;sout2832
Dutch;dutc1256
Dutch;dutc1256
Dutch;dutc1256
Dutch;dutc1256
Dutch;dutc1256
Dutch;dutc1256
English (American);stan1293
American English;stan1293
English (Australian);stan1293
English (British);stan1293
English (New Zealand);stan1293
English (British);stan1293
Estonian;esto1258
French;stan1290
georgian;nucl1302
German;stan1295
Swiss German;swis1247
Greek;mode1248
Greek;mode1248
Hausa;haus1257
Hebrew;hebr1245
Hindi;hind1269
Hungarian;hung1274
Igbo;nucl1417
Irish;iris1253
Judeo-Spanish;ladi1251
Italian;ital1282
Japanese;nucl1643
Korean;kore1280
Kunama;kuna1268
Lizu;ersu1241
Luxembourgish;luxe1241
Mah Meri;besi1244
Mavea;mafe1237
Nara;nara1262
Nepali;nepa1254
Persian;west2369
Portuguese (European);port1283
Portuguese (Brazilian);port1283
Central Sama;cent2092
Slovak;slov1269
Spanish;stan1288
Sumi;sumi1235
Tausug (Suluk);taus1251
Temne;timn1235
Tera;tera1251
Thai;thai1261
Itunyoso Trique;sanm1298
Turkish;nucl1301
Isthmus (Juchit?n) Zapotec;isth1244
Bukharan Tajik;taji1245
Kera;kera1255
Kumzari;kumz1235
Cocos Malay;coco1260
Standard Malay;stan1306
Mennonite Plautdietsch;plau1238
Kedayan;keda1250
Pitjantjatjara;pitj1243
Southeastern Pashayi;sout2672
greek Thrace Xoraxane Romane;vlax1238
Tashlhiyt Berber;tach1250
Xumi;shix1238
Xumi;shix1238
Upper Saxon;uppe1400
Vietnamese;viet1252
Pite Saami;pite1240
Northern Saami;nort2671
Belhare;belh1239
Hunzib;hunz1247
Evenki;even1259
Hmong Njua (Green Hmong);hmon1264
Udmurt (Standard);udmu1245
Meadow Mari (Morki-Sernur);east2328
Eastern Yugur;east2337
Moksha (Standard);moks1248
Lithuanian (West Auk?taitian);lith1251
Moksha (Southwest);moks1248
Lao (Vientiane);laoo1244
R?jbanshi;rajb1243
Estonian (Standard);esto1258
Bakhtiari;bakh1245
Kurdish (Sorani);cent1972
Ingush;ingu1240
English (RP);stan1293
Dupaningan Agta;dupa1235
Laz (Bor?ka);lazz1240
Dolgan;dolg1241
Darkhat;dark1243
Caodeng rGyalrong;jiar1240
Juang;juan1238
South Azerbaijani (Tabriz);sout2697
Kildin Saami;kild1236
Russian (Standard);russ1263
Irish (Gaoth Dobhair);iris1253
gLo Tibetan;lowa1242
Tod Tibetan;stod1241
Danish;dani1285
Tajik (Bukhara);taji1245
Yongning Na (Mosuo);yong1270
Beserman (?amardan);bese1243
French;stan1290
Ishkashimi;ishk1246
Northern Khanty (Sob Obdorsk);khan1273
Zurich German;swis1247
Hill Mari (Kozmodemjansk);west2392
Czech (Bohemian);czec1258
Maltese (Standard);malt1254
Chechen (P?ar?xoy ?qqiy);chec1245
Kannada (Standard);nucl1305
Mirandese;mira1251
Northern Khanty (Polui Obdorsk);khan1273
Tshangla;tsha1245
Modern Aramaic (Northeastern);chal1275
Lithuanian (North Samogitian);lith1251
Iron Ossetic (Tual-S);osse1243
Juhuri;jude1256
Judaeo-Spanish (Beiruti);ladi1251
Tundra Yukaghir;nort2745
Korean (Seoul);kore1280
Even (Ola);even1260
Munji;munj1244
Brahui (Jahlawa?n);brah1256
Naukan Yupik;nauk1242
Solon;even1259
Kuvi;kuvi1243
Thakali;thak1245
Mundari;mund1320
North Azerbaijani (Shirvan);nort2697
Itelmen;itel1242
Puxi;puxi1242
Bhujel;bujh1238
Laz (Pazar);lazz1240
Kangjia;kang1281
Maithili (Madhubani);mait1250
Spanish (Murcian);stan1288
Vallader Romansh;roma1326
Remo (Hills variety);bond1245
Balti (Kharkoo);balt1258
Solu Sherpa (Hile);sher1255
Spanish (Castilian);stan1288
Yue Chinese (Hong Kong Cantonese);yuec1235
Kabardian (Baksan);kaba1278
Lezgian (?smay?ll?);lezg1247
Daur;daur1238
Humla Bhotia;huml1238
Northeastern Thai (Nong Khai);nort2741
Dhivehi (Mal?);dhiv1236
Lithuanian (West Samogitian);lith1251
Buriat (Standard);russ1264
Karakalpak;kara1467
Lahu (Black);lahu1253
Lao (Chieng Khouang);laoo1244
Yousafzai Pashto (Pesha?war);nort2646
Wazirwola (North Wazi?ri?);cent1973
Hakka Chinese;hakk1236
Iron Ossetic (Upper Alagir);osse1243
Ligurian (Miogliola);ligu1248
Votic (J?g?per?);voti1245
Rgyalthang Tibetan;kham1282
Brag-g.yab Tibetan;kham1282
Tsez (Asax);dido1241
Wymysorys;wymy1235
Gagauz (Standard);gaga1249
Northwestern Pashto;nort2647
Southern Tai (Ko Samui);sout2746
Friulian;friu1240
Lak (Kumux);lakk1252
Kunigami (Nakijin);kuni1268
Luxembourgish;luxe1241
Burmese (Rangoon);nucl1310
Malto;saur1249
Basque (Baztan);basq1248
Laz (Arde?en);lazz1240
Nepali;nepa1254
Rusyn (Lemko);rusy1239
Gurung (Western);guru1261
Western Balochi (La?s?a?ri?);west2368
Baima;baim1244
Mah Meri;besi1244
Western Balochi (Southern Raxs?a?ni?);west2368
Adyghe;adyg1241
Northern Cuona;dakp1242
Iron Ossetic (Tual-Ch);osse1243
Lizu;lizu1234
Udmurt (Udmurt Ta?ly);udmu1245
Betta Kurumba;bett1235
Kumyk;kumy1244
Chantyal;chan1310
Bhojpuri;bhoj1244
Gheg Albanian (North-Eastern);gheg1238
Ho (Mayurbhanj);hooo1248
Rawang (Mutwang);rawa1265
Saek;saek1240
Chukchi;chuk1273
Macedonian (Standard);mace1250
Gorum;pare1266
Tausug (Jolo);taus1251
Ladakhi (Leh);lada1244
Shan (Luxi);shan1277
Bulgarian (Standard);bulg1262
Spiti Tibetan;spit1240
Nivkh (West Sakhalin);gily1242
Laz (Hopa);lazz1240
Northern Altai (Kumandy);nort2686
Atayal;atay1247
Lue (Chieng Hung);luuu1242
Aragonese (Chistabino);arag1245
Northern Khanty (Kazym);khan1273
Brahui (Sara?wa?n);brah1256
Faroese;faro1244
Southern Cuona;dzal1238
Lhasa Tibetan;tibe1272
Zuberoan Basque;basq1250
Kyrgyz (Standard);kirg1245
Darma;darm1243
Yodzyak Komi;komi1277
Lao (Luang Prabang);laoo1244
Ksingmul;puoc1238
Telugu (Standard);telu1262
Dolakha Newar;east2773
Iron Ossetic (Urs-Tual);osse1243
Bats;bats1242
Yolmo;hela1238
Svan (Upper Bal);svan1243
Kyirong Tibetan;kyer1238
Dzongkha;dzon1239
Ket (Kellog);kett1243
Hayu;wayu1241
Paiwan (Kulalao);paiw1248
German (Standard);stan1295
Eastern Yiddish (Central);east2295
Udmurt (Bavly);udmu1245
Kabardian (Ulyap);kaba1278
Tundra Nenets (Western);nene1249
Karaim (Northwestern);kara1464
Varli (Dogri);varl1238
Dutch;dutc1256
Welsh (Llanwrtyd);wels1247
Japhug;japh1234
Iron Ossetic (Roka);osse1243
Mingrelian (Senaki);ming1252
Laz (Arhavi);lazz1240
Drokpa Tibetan (Zhongba);tibe1272
Alutor;alut1245
Eastern Mari;east2328
Northeastern Thai (Loei);nort2741
Denjongka;sikk1242
Turkish (Standard);nucl1301
Mingrelian (Zugdidi-Samurzaqano);ming1252
Yaghnobi;yagn1238
Basque (Arbizu);basq1248
Zhongu Tibetan;zhon1235
Dingri Tibetan;tibe1272
Northeastern Thai (Roi Et);nort2741
Shan (Hsi Paw);shan1277
Iron Ossetic (Standard);osse1243
Catalan (Southern Valencian);stan1289
Nyaw (Uthen);nyaw1245
Italian;ital1282
Georgian;nucl1302
Northern Qiang (Yadu);nort2722
Cebuano;cebu1242
Wazirwola (South Wazi?ri?);cent1973
Iron Ossetic (Alagir);osse1243
Khakas (Standard);khak1248
Eastern Khanty (Vakh);vach1239
Gta?;gata1239
Mingrelian (Martvili);ming1252
Sindhi (Vicholi);sind1272
Arb?resh Albanian (Kundisa);arbe1236
Kurtoep;kurt1248
Tukita;kara1474
Norwegian (Standard ?stnorsk);norw1258
V?ro;sout2679
Romanian (Standard);roma1327
Sakha (Standard);yaku1245
Kolami (Wardha);nort2699
Karelian (North);kare1335
Slovak (Standard);slov1269
Livonian (Vidzeme);livv1244
Israeli Hebrew;hebr1245
Forest Nenets;fore1274
Tamang (Eastern);east2347
Gujarati (Standard);guja1252
Miyako (Ogami);miya1259
Magahi;maga1260
Slovene (Standard);slov1268
Purki;puri1258
Standard Chinese (Beijing);mand1415
Greek (Standard);mode1248
Kamassian;kama1351
Komi-Zyrian (Syktyvkar);komi1268
Nganasan (Avam);ngan1291
Vietnamese (Hanoi);viet1252
Dhimal;dhim1246
Mongolian (Khalkha);mong1331
Andi;andi1255
Urdu;urdu1245
Avar (Chadakolob);avar1256
Abkhaz (Abzhywa);abkh1244
Forest Enets;fore1265
Frisian (West);west2354
Tay Daeng;taid1249
Southern Tai (Surat);sout2746
Elfdalian;elfd1234
Nyinpa Cone;chen1255
Northern Mansi (So?va);mans1258
Iron Ossetic (Ksani);osse1243
Dongxiang;dong1285
Occitan (Gascon);occi1239
Panjabi (Eastern);panj1256
Czech (Moravian);czec1258
Konda;kond1303
Tundra Nenets (Central-Eastern);nene1249
Nuosu (Black Yi);sich1238
Northern Kurdish (Kurmanji);nort2641
Taz Selkup;selk1253
Northern Qiang (Hongyan);nort2722
Arb?resh Albanian (Hora e Arb?resh?vet);arbe1236
Lithuanian (South Samogitian);lith1251
Nangchenpa Tibetan;kham1282
Veps (?imozero);veps1250
Myeik Burmese;merg1238
Northeastern Thai (Nakhon Phanom);nort2741
Latvian (Standard);stan1325
Ter Saami;ters1235
Oriya;oriy1255
Northeastern Thai (Ubon);nort2741
Pite Saami;pite1240
Eastern Hill Balochi;east2304
Serbian (Standard Ekavian);serb1264
Bashkir (Standard);bash1264
Mongghul (Huzhu Monguor);tuuu1240
Labrang Tibetan;shum1243
Ukrainian (Standard);ukra1253
South Mustang Tibetan (Jharkhot);lowa1242
Scots (Northern);scot1243
Meadow Mari (Jo?kar-Ola);east2328
Shan (Zhe Fang);shan1277
Sindhi (Jacobabad);sind1272
Iron Ossetic (Tual-Sh);osse1243
Mehri (Oman);mehr1241
Kharia (Dudh);khar1287
Chechen (?aroy);chec1245
Tagalog;taga1270
Wakhi;wakh1245
English (Liverpool);stan1293
Asturian (Western);astu1245
Phu Tai (Waritchaphum);phut1244
Northern Thai (Chieng Mai);nort2740
Soghpo Tibetan;kham1282
Farsi;west2369
Irish (Corca Dhuibhne);iris1253
Solu Sherpa (Lukla);sher1255
Salar;sala1264
Lezgian (G?ne);lezg1247
Kami Tibetan;kham1282
Sora (Gumma Hills);sora1254
Walungge;walu1241
Korku;kork1243
Kapampangan (Balingcanaway);pamp1243
Domari (Palestinian);doma1258
Phu Tai (Phanna Nikhom);phut1244
Meadow Mari (Volga);east2328
Ersu;ersu1241
Khalong Tibetan;amdo1237
Finnish (Standard);finn1318
Udmurt (Krasnoufimsk);udmu1245
Khalkhal;khal1271
Muria Gondi;west2408
Shixing;shix1238
Tofa;kara1462
Upper Sorbian;uppe1395
Hindi;hind1269
Gadaba;pott1240
Tamang (Dhankuta);east2347
Southern Balochi;sout2642
Campidanese Sardinian (Sestu);camp1261
Tulu;tulu1258
Achang (Lianghe);acha1249
Chechen (Ploskost);chec1245
Santali;sant1410
Shan (Kunlong);shan1277
Abkhaz (Bzyb);abkh1244
gSerpa;amdo1237
Swedish (Central);swed1254
Catalan (Central);stan1289
Mangghuer (Minhe Monguor);tuuu1240
Hungarian (Standard);hung1274
Shigatse Tibetan;tibe1272
Malayalam;mala1464
Ahi;axiy1235
Burushaski (Werchikwar);buru1296
Min Dong Chinese (Fuzhou);mind1253
Temiar;temi1246
Upper Saxon (Chemnitz);uppe1400
Godoberi;ghod1238
Skolt Saami (Su??nn?jel);skol1241
Jah-Hut;jahh1242
Icelandic;icel1247
Vlax Romani (Mitrovica);vlax1238
Udihe (Bikin);udih1248
Asturian (North-Eastern);astu1245
Tai Nuea;tain1252
Southern Tai (Nakhon Si Thammarat);sout2746
Chechen (???berloy);chec1245
Komi-Permyak;komi1269
Gutob (Koraput);bodo1267
Burushaski (Nagar);buru1296
Lisu (Flowery);lisu1250
Tuvan (Standard);tuvi1240
Karata;kara1474
Hill Mari (Jaransk);west2392
Tay Yo;taid1248
Basque (Gernika);basq1248
Breton (Bothoa);bret1244
Southern Pumi (Xinyingpan);sout2729
Southwestern Pashto (Kandahar);sout2436
Sangdam Tibetan;kham1282
Baoan (?antoq);bona1250
Waneci;wane1241
Digor Ossetic;digo1242
Dongwang Tibetan;kham1282
Tosk Albanian (Kor??);tosk1239
Latgalian (Standard);east2282
Catalan (Mallorcan);stan1289
Turkmen (Teke);turk1304
J?rriais (Eastern Jersey);jerr1238
Central Khmer;cent1989
Assamese (Standard);assa1263
Kalmyk (Standard);kalm1243
Kham Tibetan;kham1282
Scottish Gaelic (Lewis);scot1245
Lower Sorbian;lowe1385
Tundra Nenets (Far Eastern);nene1249
Polish (Standard);poli1260
Sui;suii1243
Ilocano;ilok1237
Najdi Arabic;najd1235
Akha;akha1245
Tatar (Standard);tata1255
Kabardian (Turkish);kaba1278
Tamil;tami1289
Uyghur (Xinjiang);uigh1240
Burushaski (Hunza);buru1296
Themchen Tibetan;amdo1237
Basque (Ondarroa);basq1248
Erzya (Standard);erzy1239
Nar-Phu (Nar);narp1239
Western Balochi (Afghani Raxs?a?ni?);west2368
Galician;gali1258
Manange;mana1288
Jibbali (Central);sheh1240
Western Balochi (Sara?wa?ni?);west2368
Portuguese (Estremenho);port1283
Bengali (Dhaka);beng1280
Kolyma Yukaghir;sout2750
Iron Ossetic (Kurtat);osse1243
Pnar;pnar1238
Nyaw (Sakhon Nakhon);nyaw1245
Burarra;bura1267
Bunuba;buna1275
Gooniyandi;goon1238
Matngele;madn1237
Malak-Malak;mull1237
Murrinh-patha;murr1259
Ngan'gityemerri;nang1259
Patjtjamalh;wadj1254
Marramaninyshi;mari1417
Marringarr;mari1419
Marrithiyel;mari1424
Marti Ke;mart1254
Emmi;amii1238
Larrakia;lara1258
Limilngan;nucl1327
Umbugarla;umbu1235
Garrwa;gara1269
Waanyi;wany1247
Kunindirri;gara1269
Erre;erre1238
Mengerrdji;mang1382
Urningangg;urni1239
Anindilyakwa;anin1240
Dalabon;ngal1292
Gaagudju;gaga1251
Ngalakgan;ngal1293
Ngandi;ngan1295
Gun-Dedjnjenghmi;gund1246
Gun-Djeihmi;gund1246
Kune;gune1238
Kuninjku;mura1269
Kunwinjku;guma1252
Mayali;naia1238
Jawoyn;djau1244
Rembarrnga;remb1249
Warray;wara1290
Wubuy;nung1290
Amurdak;amar1271
Marrgu;marg1251
Wurrugu;wurr1238
Mawng;maun1240
Garig;gari1254
Ilgar;ilga1238
Iwaidja;iwai1244
Miriwoong;miri1266
Kija;kitj1240
Kungarakany;kung1259
Ndjebbana;djee1236
Gurr-Goni;gura1252
Nakara;naka1260
Marra;mara1385
Warndarrang;wand1263
Alawa;alaw1244
Mangarrayi;mang1381
Jaminjung;djam1255
Ngaliwurru;ngal1294
Nungali;nung1291
Ngarnka;ngar1283
Jingulu;djin1251
Binbinka;binb1242
Gudanji;guda1243
Wambaya;wamb1258
Minkin;mink1237
Ngumbarl;ngum1253
Nyikina;nyig1240
Warrwa;warr1258
Jukun;dyug1238
Yawuru;yawu1244
Bardi;bard1255
Nimanburu;nima1245
Jabirr-Jabirr;dyab1238
Jawi;djaw1238
Nyulnyul;nyul1247
Alyawarr;alya1239
Eastern Anmatyerre;east2380
Western Anmatyerre;west2442
Antekerrepenhe;ande1247
Central Arrernte;mpar1238
Ayerrerenge;ayer1246
Eastern Arrernte;east2379
Lower Southern Aranda;lowe1436
Western Arrernte;west2441
Kaytetye;kayt1238
Bundjalung;yugu1249
Gidabal;gida1240
Guwar;guwa1244
Minjungbal;minj1242
Waalubal;waal1238
Buwandik;bung1264
Warrnambool;warr1257
Gamilaraay;gami1243
Muruwari;muru1266
Ngiyambaa;wang1291
Wayilwan;wayi1238
Wiradjuri;wira1262
Wiriyaraay;wirr1237
Yuwaalaraay;yuwa1242
Yuwaliyaay;yuwa1243
Dhudhuroa;dhud1236
Jandai;jand1248
Djindewal;NA
Turubul;yaga1262
Yagara;yaga1262
Dyirbal;dyir1250
Warrgamay;warr1255
Baanbay;kumb1268
Gumbaynggir;kumb1268
Yaygir;yayg1236
Guwa;guwa1242
Yanda;yand1251
Kalkatungu;kalk1246
Yalarnnga;yala1262
Payungu;bayu1240
Purduna;burd1238
Thalanyji;dhal1245
Jiwarli;djiw1241
Tharrkari;dhar1247
Thiin;thii1234
Warriyangga;wari1262
Mithaka;mith1236
Diyari;dier1241
Thirarri;dira1238
Karangura;kara1508
Ngamini;ngam1284
Pirlatapa;pirl1238
Yandruwandha;yand1253
Nhirrpi;nhir1234
Yawarrawarrka;yawa1258
Yarluyandi;dier1241
Punthamara;punt1240
Kungardutji;wong1246
Wangkumara;wong1246
Arabana;arab1267
Wangkangurru;wang1290
Pitta Pitta;pitt1247
Wangkayutyuru;wang1289
Kungkari;kuun1236
Pirriya;pirr1240
Garlali;kala1380
Badimaya;badi1246
Malkana;malg1242
Nhanda;nhan1238
Watjarri;waja1257
Yingkarta;ying1247
Kolakngat;cola1237
Daungwurrung;daun1234
Boonwurrung;woiw1237
Wathawurrung;wath1238
Woiwurrung;woiw1237
Yari-Yari;yari1243
Ladji-Ladji;ladj1234
Madhi-Madhi;madh1244
Wathi Wathi;wadi1260
East Djadjawurung;west2443
Jardwadjali;djad1246
Nari Nari;nari1241
Djabwurung;djab1234
Wemba Wemba;wemb1241
Wotjobaluk;wotj1234
Bidhawal;gana1268
Muk-Thang;gana1278
Thangguai;gana1278
Nulit;gana1278
Keramin;kera1256
Ngayawang;lowe1402
Ngintait;ngin1247
Yaraldi;narr1259
Yitha Yitha;yith1234
Bidyara;bidy1243
Barada;gang1268
Barna;biri1256
Biri;biri1256
Gabalbara;gang1268
Gangulu;gang1268
Ganulu;gang1268
Garingbal;biri1256
Miyan;biri1256
Wiri;biri1256
Yambina;biri1256
Yangga;biri1256
Yetimarala;gang1268
Yilba;biri1256
Yuwi;biri1256
Dharawala;bidy1243
Dharumbal;dhar1248
Gungabula;gung1248
Gunggari;kung1258
Gunya;guny1241
Margany;marg1253
Gudjal;gudj1237
Gugu Badhun;gugu1253
Warungu;waru1264
Wadjabangay;bidy1243
Wangan;biri1256
Yandjibara;bidy1243
Yiningay;bidy1243
Karajarri;kara1476
Mangala;mang1383
Nyangumarta;nyan1301
Kukatj;guga1239
Mayi-Kulan;mayi1236
Mayi-Kutuna;maya1280
Mayi-Thakurti;ngaw1240
Mayi-Yapi;mayi1235
Ngawun;ngaw1240
Wunumara;ngaw1240
Galaagu;kala1379
Kalaamaya;kala1401
Mirrniny;ngad1258
Ngadjunmaya;ngad1258
Kariyarra;kari1304
Kurrama;kurr1243
Martuthunira;mart1255
Ngarla;yinh1234
Ngarluma;ngar1287
Nhuwala;nhuw1239
Nyamal;nyam1271
Nyiyaparli;nija1241
Palyku;nija1241
Panyjima;pany1241
Yindjibarndi;yind1247
Yinhawangka;yind1247
Bilinarra;bili1250
Wanyjirra;wany1244
Gurindji;guri1247
Jaru;jaru1254
Malngin;maln1239
Mudburra;mudb1240
Ngardi;ngar1288
Ngarinyman;ngar1235
Walmajarri;walm1241
Warlmanpa;warl1255
Warlpiri;warl1254
Nyawaygi;nyaw1247
Wulguru;wulg1239
Balardung;nyun1247
Bibbulman;bibb1234
Goreng;gore1235
Kaniyang;kani1276
Minang;nyun1247
Pinjarup;pinj1244
Wardandi;ward1248
Wajuk;waju1234
Wiilman;nyun1247
Wudjari;nyun1247
Yuwat;nyun1247
Bandjigali;band1337
Southern Paakintyi;darl1243
Pallanganmiddang;pall1243
Ikarranggal;ikar1243
Takalak;ikar1243
Aghu Tharnggala;aghu1254
Awu Alaya;thay1248
Ogh Awarrangg;kawa1290
Ogh Unyjan;kawa1290
Anguthimri;angu1242
Gugu Wakura;kuku1273
Guugu Yimidhirr;gugu1255
Kuku Yalanji;kuku1273
Muluridji;mulu1243
Wagaman;kuku1273
Djabugay;dyaa1242
Yidiny;yidi1250
Malthanmungu;barr1247
Djangun;djan1238
Lamalama;lamu1254
Rimanggudinhma;mbar1253
Wik Mungkan;wikm1247
Wik-Ngathan;wikn1245
Ayapathu;ayab1239
Kugu Nganhcara;wikn1246
Kuugu Ya'u;kuuk1238
Bakanh;paka1251
Umpila;umpi1239
Yintyingka;ayab1239
Kok Nar;kokn1236
Kurtjar;gurd1238
Kuthant;kuth1240
Walangama;wala1263
Alngith;alng1239
Aritinngithigh;arit1239
Ndra'ngith;ndra1239
Thaynakwithi;tyan1235
Linngithigh;leni1238
Luthigh;luth1234
Mbiywom;mbiy1238
Mpalitjanh;mpal1238
Ngkoth;ngko1236
Uradhi;atam1239
Angkamuthi;angg1238
Atampaya;atam1239
Yadhaykenu;yadh1237
Yinwum;yinw1236
Koko Bera;gugu1254
Thaayorre;thay1249
Olkol;ulku1238
Yir Yoront;yiry1245
Agwamin;wami1239
Mbara;mbar1254
Mbabaram;mbab1239
Umbuygamu;umbu1256
Oykangand;oyka1239
Adnyamathanha;adny1235
Kaurna;kaur1267
Nukunu;nugu1241
Wirangu;wira1265
Parnkalla;bang1339
Narrungga;naru1238
Kukata;koka1244
Gureng-gureng;gure1255
Guweng;gure1255
Butchulla;kabi1260
Gabi-Gabi;gabi1248
Barunggam;kabi1260
Duungidjawu;duun1241
Waka Waka;waka1274
Wuli Wuli;wuli1242
Bularnu;bula1255
Eastern Wakaya;waga1260
Warluwarra;warl1256
Western Wakaya;waga1260
Yanyuwa;yany1243
Warumungu;waru1265
Kartujarra;kart1247
Manjiljarra;many1256
Putijarra;pudi1238
Wangkajunga;wang1288
Yulparija;yulp1239
Warnman;wanm1242
Antakirinya;anta1253
Kukatja;kuka1246
Ngalia;pitj1243
Ngarlawangka;ngar1296
Ngaanyatjarra;ngaa1240
Pintupi;pint1250
Pitjantjatjara;pitj1243
Yankunytjatjara;yank1247
Kala Kawaw Ya;kala1378
Kala Lagaw Ya;kala1377
Malyangapa;maly1234
Wadikali;wadi1261
Yardliyawarra;yard1234
Dhangu;dhan1270
Gupapuyngu;gupa1247
Dhay'yi;dhal1246
Djambarrpuyngu;djam1256
Gumatj;guma1253
Djinang;djin1253
Djinba;djin1252
Nhangu;yann1237
Ritharrngu;rita1239
Yabula-Yabula;yort1237
Yorta Yorta;yort1237
Bigambal;biga1237
Yugambal;yuga1244
Darkinyung;hawk1239
Dharuk;sydn1236
Eora;sydn1236
Awabakal;awab1243
West Djadjawurung;west2443
Katthang;wori1245
Nganyaywana;ngan1296
Thanggati;dyan1250
Djapu;djap1238
Dharawal;thur1254
Dharumba;thur1254
Dhurga;dhur1239
Djirringany;sout2771
Gundungurra;gund1248
Ngarigu;ngar1297
Ngunawal;sout2770
Thawa;sout2771
Gangalidda;gang1267
Kayardild;kaya1319
Lardil;lard1243
Yangkaralda;kaya1319
Tiwi;tiwi1244
Wagiman;wage1238
Ngarinyin;ngar1284
Gambera;gamb1251
Kwini;kwin1241
Wunambal;wuna1249
Umiida;umii1236
Unggumi;ungg1243
Worrorra;worr1237
Yawijibaya;yawi1239
Wardaman;ward1246
Yangman;yang1288
Guwamu;guwa1243
Ngardily;west2437
Piangil;werg1234
Tableland Lamalama;lamu1254
